<?xml version="1.0" encoding="UTF-8"?>
<project-private xmlns="http://www.netbeans.org/ns/project-private/1">
    <editor-bookmarks xmlns="http://www.netbeans.org/ns/editor-bookmarks/2" lastBookmarkId="0"/>
    <open-files xmlns="http://www.netbeans.org/ns/projectui-open-files/2">
        <group>
            <file>file:/Users/DylanBarrett/Desktop/Dcbk34FinalProject/src/dcbk34finalproject/Switchable.java</file>
            <file>file:/Users/DylanBarrett/Desktop/Dcbk34FinalProject/src/dcbk34finalproject/NYTNewsManager.java</file>
            <file>file:/Users/DylanBarrett/Desktop/Dcbk34FinalProject/src/dcbk34finalproject/NYTNewsStory.java</file>
            <file>file:/Users/DylanBarrett/Desktop/Dcbk34FinalProject/src/dcbk34finalproject/NewsViewerController.java</file>
            <file>file:/Users/DylanBarrett/Desktop/Dcbk34FinalProject/src/dcbk34finalproject/SearchString.java</file>
            <file>file:/Users/DylanBarrett/Desktop/Dcbk34FinalProject/src/dcbk34finalproject/Dcbk34FinalProject.java</file>
            <file>file:/Users/DylanBarrett/Desktop/Dcbk34FinalProject/src/dcbk34finalproject/FXMLDocumentController.java</file>
        </group>
    </open-files>
</project-private>
